"","ELPD","P_eff"
"Group 1",-1430.56134457166,10.1832353090733
"Group2",-1596.82974571646,10.3108675075238
"Group 3",-1255.6106708083,21.8843992399312
