"","ELPD","P_eff"
"Group 1",-1430.77020677304,10.513310999106
"Group 2",-1596.75454927062,10.2332561415284
"Group 3",-1255.30886981609,21.7432474808316
