"","ELPD","P_eff"
"Group 1",-1505.6254197823,4.42510894454668
"Group2",-1601.79674003634,3.41421659995627
"Group 3",-1509.50973287532,2.06935937921012
