"","ELPD","P_eff"
"Group 1",-1505.30890582442,4.33064126440817
"Group 2",-1601.72962763456,3.35317151671736
"Group 3",-1509.74908320725,2.05896025991441
